{"cameraMode":{"drawMode":0,"name":"Shaded","section":"Shading Mode"},"sceneLighting":false,"audioPlay":false,"sceneViewState":{"m_AlwaysRefresh":false,"showFog":true,"showSkybox":false,"showFlares":true,"showImageEffects":true,"showParticleSystems":true,"showVisualEffectGraphs":true,"m_FxEnabled":true},"in2DMode":false,"pivot":{"x":-1.6323628425598145,"y":0.1745336353778839,"z":-2.0088746547698976},"rotation":{"x":-0.015266950242221356,"y":0.07402052730321884,"z":-0.0011338439071550966,"w":-0.9971471428871155},"size":0.8660253882408142,"orthographic":false}