{"cameraMode":{"drawMode":0,"name":"Shaded","section":"Shading Mode"},"sceneLighting":true,"audioPlay":false,"sceneViewState":{"m_AlwaysRefresh":false,"showFog":true,"showSkybox":true,"showFlares":true,"showImageEffects":true,"showParticleSystems":true,"showVisualEffectGraphs":true,"m_FxEnabled":true},"in2DMode":false,"pivot":{"x":91.56369018554688,"y":38.07950973510742,"z":24.60870933532715},"rotation":{"x":-0.5071859359741211,"y":-0.005170577205717564,"z":0.0030503880698233845,"w":-0.8618499636650086},"size":12.194432258605957,"orthographic":false}