{"cameraMode":{"drawMode":0,"name":"Shaded","section":"Shading Mode"},"sceneLighting":false,"audioPlay":false,"sceneViewState":{"m_AlwaysRefresh":false,"showFog":true,"showSkybox":false,"showFlares":true,"showImageEffects":true,"showParticleSystems":true,"showVisualEffectGraphs":true,"m_FxEnabled":true},"in2DMode":false,"pivot":{"x":-0.2848981022834778,"y":0.6438384652137756,"z":-8.050647735595704},"rotation":{"x":-0.0015074640978127719,"y":-0.07254859805107117,"z":0.00007865527732064947,"w":-0.9974099397659302},"size":0.8061410784721375,"orthographic":false}